{
  "timestamp": "2025-10-27T08:06:26.116666",
  "new_samples_processed": 1000,
  "initial_training_samples": 9000,
  "final_training_samples": 10000,
  "final_accuracy": 0.9571957195719571,
  "final_precision": 0.8695652173913043,
  "final_recall": 0.12526096033402923,
  "final_f1": 0.218978102189781
}