{
  "timestamp": "2025-10-27T07:26:43.495424",
  "new_samples_processed": 1000,
  "initial_training_samples": 6000,
  "final_training_samples": 7000,
  "final_accuracy": 0.9535647949707101,
  "final_precision": 0.64,
  "final_recall": 0.04819277108433735,
  "final_f1": 0.0896358543417367
}