{
  "timestamp": "2025-10-26T04:07:01.247432",
  "new_samples_processed": 1000,
  "initial_training_samples": 5000,
  "final_training_samples": 6000,
  "final_accuracy": 0.9529921653608935,
  "final_precision": 0.5263157894736842,
  "final_recall": 0.0353356890459364,
  "final_f1": 0.0662251655629139
}